# Commodities, keyed by a readable slug (program.md §12).
#
# The dimension exists so a figure about a good can be found by the good rather
# than by the series it happens to sit in: Bank Indonesia prices rice daily in
# one series of many rows, and Yahoo prices gold daily in a series of its own,
# and both are figures about a commodity.
#
# The identifier is a slug rather than an HS code. HS is the right code set for
# trade and the wrong one for everything else — thermal coal and Brent crude
# are traded contracts before they are tariff lines, and a price series has no
# customs classification at all. The HS code is carried beside the slug where
# one applies, so a trade dataset still joins.
#
# `aliases` are separated by `|` and matched case- and punctuation-insensitively,
# so a Yahoo ticker (`GC=F` → `gc f`) resolves as readily as a name. They are
# what a source actually prints, not what it ought to print.
#
# A commodity listed here with nothing collected against it is not a mistake:
# the registry says what the warehouse *can* resolve, and the Commodities page
# lists what it has figures for. Bauxite is the current example — its export is
# banned and no free daily price for it exists, so it is present here only so a
# trade figure about it can resolve.
commodity_id,canonical_name,category,subcategory,hs_code,hs_version,unit_default,aliases
gold,Gold,metals,precious,7108,HS2022,USD/troy oz,GC=F|XAU|Emas|Gold — COMEX
copper,Copper,metals,base,7403,HS2022,USD/lb,HG=F|Tembaga|Copper — COMEX|Copper ore
nickel,Nickel,metals,base,7502,HS2022,USD/t,Nikel|Nickel matte|LME Nickel
tin,Tin,metals,base,8001,HS2022,USD/t,Timah
aluminium,Aluminium,metals,base,7601,HS2022,USD/t,ALI=F|Aluminum|Aluminium — COMEX|LME Aluminium
zinc,Zinc,metals,base,7901,HS2022,USD/t,ZNC=F|Seng|Zinc — COMEX|LME Zinc
lead,Lead,metals,base,7801,HS2022,USD/t,Timbal|LME Lead
silver,Silver,metals,precious,7106,HS2022,USD/troy oz,SI=F|Perak|Silver — COMEX
platinum,Platinum,metals,precious,711011,HS2022,USD/troy oz,PL=F|Platina|Platinum — NYMEX
palladium,Palladium,metals,precious,711021,HS2022,USD/troy oz,PA=F|Paladium|Palladium — NYMEX
iron-ore,Iron ore,metals,ore,2601,HS2022,USD/t,TIO=F|Bijih besi|Iron ore 62% Fe
hot-rolled-coil,Hot-rolled coil steel,metals,steel,7208,HS2022,USD/short ton,HRC=F|HRC|Baja canai panas
stainless-steel,Stainless steel,metals,steel,7219,HS2022,CNY/t,Baja tahan karat|Stainless
bauxite,Bauxite,metals,ore,2606,HS2022,USD/t,Bauksit|Aluminium ore
thermal-coal,Thermal coal,energy,coal,2701,HS2022,USD/t,MTF=F|XAL1:COM|Coal|Batubara|Batu bara|API2|Newcastle|Steam coal
coking-coal,Coking coal,energy,coal,270112,HS2022,CNY/t,Batubara kokas|Metallurgical coal|Met coal
brent-crude,Brent crude oil,energy,crude,2709,HS2022,USD/bbl,BZ=F|Brent|Crude oil|Minyak mentah
natural-gas,Natural gas,energy,gas,2711,HS2022,USD/MMBtu,LNG|Gas alam
palm-oil,Crude palm oil,agriculture,vegetable-oil,1511,HS2022,USD/t,CPO=F|CPO|Kelapa sawit|Minyak sawit|Crude palm oil
rubber,Natural rubber,agriculture,industrial-crop,4001,HS2022,USD/kg,Karet
coffee,Coffee,agriculture,soft,0901,HS2022,USc/lb,KC=F|Kopi|Arabica|Robusta
cocoa,Cocoa,agriculture,soft,1801,HS2022,USD/t,CC=F|Kakao|Cacao
rice,Rice,agriculture,staple-food,1006,HS2022,IDR/kg,Beras
rice-low-grade-1,Rice — low grade I,agriculture,staple-food,1006,HS2022,IDR/kg,Beras Kualitas Bawah I
rice-low-grade-2,Rice — low grade II,agriculture,staple-food,1006,HS2022,IDR/kg,Beras Kualitas Bawah II
rice-medium-grade-1,Rice — medium grade I,agriculture,staple-food,1006,HS2022,IDR/kg,Beras Kualitas Medium I
rice-medium-grade-2,Rice — medium grade II,agriculture,staple-food,1006,HS2022,IDR/kg,Beras Kualitas Medium II
rice-super-grade-1,Rice — super grade I,agriculture,staple-food,1006,HS2022,IDR/kg,Beras Kualitas Super I
rice-super-grade-2,Rice — super grade II,agriculture,staple-food,1006,HS2022,IDR/kg,Beras Kualitas Super II
rice-medium,Rice — medium,agriculture,staple-food,1006,HS2022,IDR/kg,Beras Medium
rice-premium,Rice — premium,agriculture,staple-food,1006,HS2022,IDR/kg,Beras Premium
rice-special,Rice — special grade,agriculture,staple-food,1006,HS2022,IDR/kg,Beras Khusus
rice-sphp,Rice — SPHP Bulog,agriculture,staple-food,1006,HS2022,IDR/kg,Beras SPHP Bulog|Beras SPHP
chicken-meat,Chicken meat,agriculture,livestock,0207,HS2022,IDR/kg,Daging Ayam
chicken-meat-broiler-fresh,Chicken meat — broiler fresh,agriculture,livestock,0207,HS2022,IDR/kg,Daging Ayam Ras Segar|Daging Ayam Ras
chicken-meat-free-range,Chicken meat — free range,agriculture,livestock,0207,HS2022,IDR/bird,Daging Ayam Kampung
beef,Beef,agriculture,livestock,0201,HS2022,IDR/kg,Daging Sapi
beef-grade-1,Beef — grade 1,agriculture,livestock,0201,HS2022,IDR/kg,Daging Sapi Kualitas 1
beef-grade-2,Beef — grade 2,agriculture,livestock,0201,HS2022,IDR/kg,Daging Sapi Kualitas 2
beef-hind-quarter,Beef — hind quarter,agriculture,livestock,0201,HS2022,IDR/kg,Daging Sapi Paha Belakang
beef-forequarter,Beef — forequarter,agriculture,livestock,0201,HS2022,IDR/kg,Daging Sapi Paha Depan
beef-brisket,Beef — brisket,agriculture,livestock,0201,HS2022,IDR/kg,Daging Sapi Sandung Lamur
beef-trimmings,Beef — trimmings,agriculture,livestock,0201,HS2022,IDR/kg,Daging Sapi Tetelan
beef-imported-frozen,Beef — imported frozen,agriculture,livestock,0202,HS2022,IDR/kg,Daging Sapi Impor Beku
chicken-eggs,Chicken eggs,agriculture,livestock,0407,HS2022,IDR/kg,Telur Ayam
chicken-eggs-broiler-fresh,Chicken eggs — broiler fresh,agriculture,livestock,0407,HS2022,IDR/kg,Telur Ayam Ras Segar|Telur Ayam Ras
chicken-eggs-free-range,Chicken eggs — free range,agriculture,livestock,0407,HS2022,IDR/kg,Telur Ayam Kampung
shallots,Shallots,agriculture,horticulture,070310,HS2022,IDR/kg,Bawang Merah
shallots-medium,Shallots — medium size,agriculture,horticulture,070310,HS2022,IDR/kg,Bawang Merah Ukuran Sedang
garlic,Garlic,agriculture,horticulture,070320,HS2022,IDR/kg,Bawang Putih
garlic-medium,Garlic — medium size,agriculture,horticulture,070320,HS2022,IDR/kg,Bawang Putih Ukuran Sedang
garlic-honan,Garlic — Honan,agriculture,horticulture,070320,HS2022,IDR/kg,Bawang Putih Honan
garlic-kating,Garlic — Kating,agriculture,horticulture,070320,HS2022,IDR/kg,Bawang Putih Kating
onion,Onion,agriculture,horticulture,070310,HS2022,IDR/kg,Bawang Bombai
red-chili,Red chili,agriculture,horticulture,070960,HS2022,IDR/kg,Cabai Merah
red-chili-large,Red chili — large,agriculture,horticulture,070960,HS2022,IDR/kg,Cabai Merah Besar
red-chili-curly,Red chili — curly,agriculture,horticulture,070960,HS2022,IDR/kg,Cabai Merah Keriting
birds-eye-chili,Bird's eye chili,agriculture,horticulture,070960,HS2022,IDR/kg,Cabai Rawit
birds-eye-chili-green,Bird's eye chili — green,agriculture,horticulture,070960,HS2022,IDR/kg,Cabai Rawit Hijau
birds-eye-chili-red,Bird's eye chili — red,agriculture,horticulture,070960,HS2022,IDR/kg,Cabai Rawit Merah
cooking-oil,Cooking oil,agriculture,vegetable-oil,151190,HS2022,IDR/kg,Minyak Goreng
cooking-oil-bulk,Cooking oil — bulk,agriculture,vegetable-oil,151190,HS2022,IDR/kg,Minyak Goreng Curah|Minyak Goreng Sawit Curah
cooking-oil-branded-1,Cooking oil — branded 1,agriculture,vegetable-oil,151190,HS2022,IDR/kg,Minyak Goreng Kemasan Bermerk 1
cooking-oil-branded-2,Cooking oil — branded 2,agriculture,vegetable-oil,151190,HS2022,IDR/kg,Minyak Goreng Kemasan Bermerk 2
cooking-oil-premium-packaged,Cooking oil — premium packaged,agriculture,vegetable-oil,151190,HS2022,IDR/kg,Minyak Goreng Sawit Kemasan Premium
minyakita,Minyakita,agriculture,vegetable-oil,151190,HS2022,IDR/kg,Minyakita
sugar,Granulated sugar,agriculture,staple-food,1701,HS2022,IDR/kg,Gula Pasir
sugar-premium,Granulated sugar — premium,agriculture,staple-food,1701,HS2022,IDR/kg,Gula Pasir Kualitas Premium
sugar-local,Granulated sugar — local,agriculture,staple-food,1701,HS2022,IDR/kg,Gula Pasir Lokal
sugar-bulk,Granulated sugar — bulk,agriculture,staple-food,1701,HS2022,IDR/kg,Gula Pasir Curah
sugar-packaged,Granulated sugar — packaged,agriculture,staple-food,1701,HS2022,IDR/kg,Gula Pasir Kemasan
wheat-flour,Wheat flour,agriculture,staple-food,1101,HS2022,IDR/kg,Tepung Terigu
soybeans-imported,Soybeans — imported,agriculture,staple-food,1201,HS2022,IDR/kg,Kedelai Impor
soybeans-local,Soybeans — local,agriculture,staple-food,1201,HS2022,IDR/kg,Kedelai Lokal
tofu,Tofu,agriculture,processed,210610,HS2022,IDR/kg,Tahu Putih|Tahu
tempeh,Tempeh,agriculture,processed,210610,HS2022,IDR/kg,Tempe Bungkus|Tempe
instant-noodles,Instant noodles,agriculture,processed,190230,HS2022,IDR/pack,Mie Instan
milk-powder-toddler,Milk powder — toddler,agriculture,processed,0402,HS2022,IDR/400g,Susu Bubuk Balita
salt-fine,Salt — fine,agriculture,staple-food,2501,HS2022,IDR/kg,Garam Halus
cucumber,Cucumber,agriculture,horticulture,070700,HS2022,IDR/kg,Ketimun Sedang|Ketimun
yardlong-bean,Yardlong bean,agriculture,horticulture,070820,HS2022,IDR/kg,Kacang Panjang
mustard-greens,Mustard greens,agriculture,horticulture,070490,HS2022,IDR/kg,Sawi Hijau
water-spinach,Water spinach,agriculture,horticulture,070990,HS2022,IDR/kg,Kangkung
tomato,Tomato,agriculture,horticulture,070200,HS2022,IDR/kg,Tomat
potato,Potato,agriculture,horticulture,070190,HS2022,IDR/kg,Kentang Sedang|Kentang
banana,Banana,agriculture,horticulture,0803,HS2022,IDR/kg,Pisang Lokal|Pisang
citrus,Citrus — local,agriculture,horticulture,0805,HS2022,IDR/kg,Jeruk Lokal|Jeruk
mackerel,Mackerel,agriculture,fisheries,0302,HS2022,IDR/kg,Ikan Kembung
shrimp,Shrimp — fresh,agriculture,fisheries,0306,HS2022,IDR/kg,Udang Basah
